ent_loss,entropy,loss
-0.00947,9.47,9.46
-0.00674,6.74,5.69
-0.00581,5.81,5.03
-0.00525,5.25,4.52
-0.00444,4.44,3.79
-0.00511,5.11,4.52
-0.00474,4.74,3.88
-0.00451,4.51,3.58
-0.00429,4.29,3.14
-0.00424,4.24,3.11
-0.00413,4.13,2.96
-0.00372,3.72,2.42
-0.00326,3.26,2.13
-0.00337,3.37,2.45
-0.00374,3.74,2.6
-0.0034,3.4,2.26
-0.00324,3.24,2.08
-0.0039,3.9,2.51
-0.00236,2.36,1.12
-0.00337,3.37,1.82
-0.00263,2.63,1.36
-0.00259,2.59,1.33
-0.00263,2.63,1.56
-0.00267,2.67,1.25
-0.00202,2.02,0.815
-0.00219,2.19,1.06
-0.00307,3.07,1.66
-0.00274,2.74,1.27
-0.00161,1.61,0.676
-0.00146,1.46,0.489
-0.00222,2.22,1.02
-0.00223,2.23,1.03
-0.00208,2.08,0.821
-0.00241,2.41,0.895
-0.00208,2.08,0.77
-0.00206,2.06,0.747
-0.00182,1.82,0.59
-0.00267,2.67,1.03
-0.00173,1.73,0.539
-0.00198,1.98,0.667
-0.00128,1.28,0.422
-0.00236,2.36,0.868
-0.00173,1.73,0.524
-0.0016,1.6,0.528
-0.00145,1.45,0.507
-0.0012,1.2,0.393
-0.00138,1.38,0.37
-0.00124,1.24,0.401
-0.00142,1.42,0.385
-0.00131,1.31,0.52
-0.000856,0.856,0.208
-0.00119,1.19,0.416
-0.00149,1.49,0.472
-0.0012,1.2,0.26
-0.00116,1.16,0.286
-0.00151,1.51,0.394
-0.00118,1.18,0.279
-0.000689,0.689,0.147
-0.000882,0.882,0.214
-0.000889,0.889,0.212
-0.00104,1.04,0.259
-0.000695,0.695,0.161
-0.00126,1.26,0.327
-0.0012,1.2,0.366
-0.000471,0.471,0.0943
-0.000831,0.831,0.18
-0.000766,0.766,0.179
-0.00048,0.48,0.119
-0.00066,0.66,0.16
-0.000935,0.935,0.21
-0.00062,0.62,0.122
-0.000568,0.568,0.133
-0.000606,0.606,0.112
-0.00086,0.86,0.215
-0.000394,0.394,0.0957
-0.000634,0.634,0.162
-0.000408,0.408,0.0915
-0.00036,0.36,0.0679
-0.000332,0.332,0.0559
-0.000334,0.334,0.0575
-0.000429,0.429,0.0786
-0.000448,0.448,0.147
-0.00057,0.57,0.168
-0.000535,0.535,0.125
-0.000554,0.554,0.162
-0.000174,0.174,0.0281
-0.000267,0.267,0.0448
-0.000292,0.292,0.0473
-0.000192,0.192,0.0287
-0.000391,0.391,0.0839
-0.000296,0.296,0.05
-0.000232,0.232,0.0347
-0.000346,0.346,0.0897
-0.000224,0.224,0.0755
-0.000382,0.382,0.0915
-0.00024,0.24,0.0583
-0.000242,0.242,0.0448
-0.00031,0.31,0.0506
-0.000204,0.204,0.0293
-0.0002,0.2,0.0533
-0.000233,0.233,0.0378
-0.000209,0.209,0.0325
-0.000127,0.127,0.0223
-0.000263,0.263,0.0856
-0.000186,0.186,0.0482
-0.000114,0.114,0.0164
-0.000102,0.102,0.0129
-0.000232,0.232,0.0687
-0.000142,0.142,0.0225
-0.00015,0.15,0.0268
-0.000132,0.132,0.0183
-0.000239,0.239,0.054
-0.000109,0.109,0.0158
-0.000236,0.236,0.147
-0.000109,0.109,0.0168
-3.72e-05,0.0372,0.00429
-0.000124,0.124,0.0337
-0.000127,0.127,0.0331
-6.11e-05,0.0611,0.00778
-6.03e-05,0.0603,0.0076
-0.000142,0.142,0.0204
-9.44e-05,0.0944,0.0505
-0.000106,0.106,0.0525
-8.49e-05,0.0849,0.0117
-0.000114,0.114,0.0252
-0.000133,0.133,0.0384
-6.83e-05,0.0683,0.0353
-6.99e-05,0.0699,0.0095
-6.04e-05,0.0604,0.00785
-9.37e-05,0.0937,0.0148
-5.02e-05,0.0502,0.0064
-4.01e-05,0.0401,0.00495
-7.66e-05,0.0766,0.0131
-6.88e-05,0.0688,0.0433
-6.01e-05,0.0601,0.00802
-6.63e-05,0.0663,0.00858
-3.66e-05,0.0366,0.00436
-2.28e-05,0.0228,0.00245
-0.000118,0.118,0.0546
-0.000105,0.105,0.0558
-2.83e-05,0.0283,0.00317
-0.000102,0.102,0.0445
-7.68e-05,0.0768,0.0415
-0.000308,0.308,0.112
-7.08e-05,0.0708,0.0099
-6.04e-05,0.0604,0.00897
-5.82e-05,0.0582,0.029
-7.73e-05,0.0773,0.027
-4.06e-05,0.0406,0.00503
-7.88e-05,0.0788,0.0298
-8.6e-05,0.086,0.0316
-2.48e-05,0.0248,0.00302
-2.42e-05,0.0242,0.00265
-6.18e-05,0.0618,0.027
-3.95e-05,0.0395,0.0143
-9.7e-05,0.097,0.0567
-3.88e-05,0.0388,0.00443
-6.55e-05,0.0655,0.0251
-0.000109,0.109,0.0512
-1.29e-05,0.0129,0.00148
-8.28e-05,0.0828,0.0475
-8.43e-05,0.0843,0.0477
-6.3e-05,0.063,0.0395
-8.5e-05,0.085,0.0336
-6.38e-05,0.0638,0.0231
-3.17e-05,0.0317,0.00449
-2e-05,0.02,0.00233
-2.2e-05,0.022,0.00238
-8.1e-05,0.081,0.0531
-4.3e-05,0.043,0.0118
-2.46e-05,0.0246,0.0032
-1.88e-05,0.0188,0.00219
-5.68e-05,0.0568,0.0152
-4.58e-05,0.0458,0.0113
-1.68e-05,0.0168,0.00181
-9.38e-06,0.00938,0.000966
-4.36e-05,0.0436,0.0364
-5.17e-05,0.0517,0.0232
-1.28e-05,0.0128,0.00139
-5.83e-05,0.0583,0.0365
-2.38e-05,0.0238,0.00261
-1.99e-05,0.0199,0.00225
-9.14e-05,0.0914,0.0743
-6.79e-05,0.0679,0.0493
-2.19e-05,0.0219,0.00235
-1.04e-05,0.0104,0.00106
-6.46e-06,0.00646,0.000653
-3.54e-05,0.0354,0.00967
-4.88e-05,0.0488,0.0217
-1.85e-05,0.0185,0.00227
-5.3e-05,0.053,0.0422
-2.51e-05,0.0251,0.0483
-1.54e-05,0.0154,0.00167
-8.56e-06,0.00856,0.000827
-1.8e-05,0.018,0.0019
-1.56e-05,0.0156,0.00164
-6.33e-05,0.0633,0.0421
-1.11e-05,0.0111,0.00115
-1.14e-05,0.0114,0.00116
-1.02e-05,0.0102,0.00106
-4.19e-05,0.0419,0.0347
-4.36e-05,0.0436,0.0188
-6.81e-05,0.0681,0.0434
-2.88e-05,0.0288,0.0145
-7.85e-05,0.0785,0.0959
-3.64e-05,0.0364,0.0303
-1.08e-05,0.0108,0.00117
-6.02e-05,0.0602,0.0383
-7.81e-05,0.0781,0.0497
-5.97e-06,0.00597,0.000593
-4.04e-05,0.0404,0.0476
-5.04e-05,0.0504,0.0431
-1.52e-05,0.0152,0.00156
-3.25e-05,0.0325,0.0176
-7.5e-06,0.0075,0.000725
-9.75e-06,0.00975,0.00099
-8.56e-06,0.00856,0.000867
-5.06e-05,0.0506,0.029
-8.67e-06,0.00867,0.000906
-7.86e-05,0.0786,0.0925
-3.79e-06,0.00379,0.000359
-3.88e-05,0.0388,0.0488
-3.21e-05,0.0321,0.0192
-4.98e-05,0.0498,0.0373
-9.46e-05,0.0946,0.0869
-2.99e-05,0.0299,0.0127
-9.78e-05,0.0978,0.0839
-1.12e-05,0.0112,0.00119
-3.48e-05,0.0348,0.0282
-0.000162,0.162,0.143
-6.6e-05,0.066,0.053
-0.000135,0.135,0.0343
-2.93e-05,0.0293,0.00994
-5.7e-05,0.057,0.0527
-5.54e-06,0.00554,0.000546
-5.74e-05,0.0574,0.0432
-2.98e-05,0.0298,0.0132
-4.21e-05,0.0421,0.017
-4.59e-05,0.0459,0.0219
-4.7e-05,0.047,0.0339
-3.67e-05,0.0367,0.0226
-2.9e-05,0.029,0.011
-4.33e-06,0.00433,0.000424
-4.38e-06,0.00438,0.000407
-2.44e-05,0.0244,0.00695
-6.41e-05,0.0641,0.0262
-2.94e-05,0.0294,0.0104
-2.54e-06,0.00254,0.000229
-4.63e-05,0.0463,0.033
-4.2e-05,0.042,0.0403
-6.1e-06,0.0061,0.000595
-4.13e-05,0.0413,0.0459
-2.62e-05,0.0262,0.0125
-5.51e-06,0.00551,0.000582
-3.04e-05,0.0304,0.0214
-7.02e-06,0.00702,0.00075
-2.32e-05,0.0232,0.00811
-7.49e-05,0.0749,0.0543
-2.67e-05,0.0267,0.0152
-2.64e-06,0.00264,0.000228
-2.84e-06,0.00284,0.000251
-4.14e-06,0.00414,0.00039
-4.47e-06,0.00447,0.000412
-4.23e-05,0.0423,0.00585
-4.57e-05,0.0457,0.037
-3.97e-05,0.0397,0.0522
-2.96e-06,0.00296,0.000278
-1.48e-06,0.00148,0.00013
-2.89e-06,0.00289,0.000277
-2.37e-06,0.00237,0.00021
-7.39e-06,0.00739,0.000771
-3.93e-05,0.0393,0.0181
-4.28e-06,0.00428,0.000392
-6.61e-06,0.00661,0.000606
-1.02e-05,0.0102,0.00106
-5.5e-06,0.0055,0.000515
-6.33e-05,0.0633,0.0534
-4.01e-05,0.0401,0.0469
-2.91e-05,0.0291,0.0281
-2.94e-05,0.0294,0.0199
-2.7e-05,0.027,0.0108
-4.1e-05,0.041,0.022
-4.51e-05,0.0451,0.041
-5.16e-05,0.0516,0.0641
-2.58e-06,0.00258,0.000222
-3.86e-06,0.00386,0.000366
-7.2e-05,0.072,0.0278
-3.14e-05,0.0314,0.0296
-2.31e-05,0.0231,0.0471
-5.24e-05,0.0524,0.0528
-3.26e-05,0.0326,0.0253
-8.79e-06,0.00879,0.000909
-3.29e-06,0.00329,0.000294
-6.15e-06,0.00615,0.00062
-5.55e-06,0.00555,0.000537
-5.03e-05,0.0503,0.0621
-3.76e-06,0.00376,0.000354
-3.99e-05,0.0399,0.0279
-2.56e-05,0.0256,0.0177
-4.56e-06,0.00456,0.000431
-4.92e-05,0.0492,0.0298
-4.58e-06,0.00458,0.000426
-2.22e-06,0.00222,0.00019
-2.78e-05,0.0278,0.0348
-4.03e-05,0.0403,0.0377
-6.02e-05,0.0602,0.0363
-3.62e-05,0.0362,0.0434
-1.98e-05,0.0198,0.0081
-3.99e-06,0.00399,0.000414
-4.57e-05,0.0457,0.0108
-2.95e-05,0.0295,0.027
-6.87e-06,0.00687,0.000787
-4.21e-06,0.00421,0.000406
-4.58e-06,0.00458,0.000426
-5.22e-05,0.0522,0.0661
-3.49e-06,0.00349,0.00032
-4.55e-06,0.00455,0.000439
-1.63e-06,0.00163,0.00014
-4.46e-06,0.00446,0.000438
-3.15e-06,0.00315,0.000342
-2.11e-06,0.00211,0.000178
-2.49e-05,0.0249,0.0238
-2.14e-05,0.0214,0.0408
-1.61e-06,0.00161,0.000134
-2.33e-06,0.00233,0.000198
-2.6e-05,0.026,0.0221
-2.5e-05,0.025,0.0167
-9.73e-05,0.0973,0.0702
-2.16e-05,0.0216,0.0423
-2.3e-06,0.0023,0.000205
-3.2e-06,0.0032,0.000285
-2.15e-05,0.0215,0.0101
-2.49e-06,0.00249,0.000216
-8.35e-05,0.0835,0.0214
-1.81e-05,0.0181,0.00235
-3.59e-06,0.00359,0.000337
-4.77e-05,0.0477,0.0336
-3.83e-06,0.00383,0.00035
-2.2e-06,0.0022,0.000189
-3.9e-06,0.0039,0.000379
-3.21e-06,0.00321,0.000303
-3.09e-06,0.00309,0.000278
-3.39e-06,0.00339,0.000324
-3.43e-05,0.0343,0.0612
-4.67e-05,0.0467,0.0497
-3.11e-06,0.00311,0.000272
-1.96e-05,0.0196,0.00751
-2.3e-06,0.0023,0.000217
-9.85e-05,0.0985,0.0905
-2.68e-05,0.0268,0.0202
-9.4e-07,0.00094,7.56e-05
-3.8e-05,0.038,0.037
-3.56e-06,0.00356,0.000332
-9.85e-07,0.000985,8.27e-05
-1.1e-06,0.0011,8.77e-05
-3.18e-06,0.00318,0.000296
-2.41e-05,0.0241,0.0347
-3.35e-06,0.00335,0.000316
-0.000119,0.119,0.0722
-3.7e-05,0.037,0.0133
-2.73e-05,0.0273,0.013
-4.84e-06,0.00484,0.000463
-2.84e-06,0.00284,0.000255
-2.64e-05,0.0264,0.0187
-2.65e-06,0.00265,0.000231
-2.47e-05,0.0247,0.014
-2.62e-06,0.00262,0.000231
-2.26e-06,0.00226,0.000197
-2.39e-05,0.0239,0.0122
-3.96e-05,0.0396,0.0363
-2.05e-06,0.00205,0.000173
-2.55e-06,0.00255,0.000226
-1.89e-06,0.00189,0.000159
-3.73e-05,0.0373,0.0356
-2.05e-06,0.00205,0.000179
-1.89e-06,0.00189,0.000161
-2.33e-05,0.0233,0.0106
-1.32e-06,0.00132,0.000121
-0.000138,0.138,0.0864
-2.55e-06,0.00255,0.000222
-7.58e-05,0.0758,0.0792
-2.02e-06,0.00202,0.000183
-3.09e-06,0.00309,0.000278
-4.52e-06,0.00452,0.000441
-2.91e-06,0.00291,0.000271
-1.77e-06,0.00177,0.000151
-1.54e-06,0.00154,0.000131
-4.23e-06,0.00423,0.000407
-2.72e-05,0.0272,0.0241
-1.3e-06,0.0013,0.000109
-2.4e-06,0.0024,0.000206
-8.55e-05,0.0855,0.0681
-3.46e-05,0.0346,0.0378
-2.55e-05,0.0255,0.0146
-2.49e-05,0.0249,0.0291
-2.51e-06,0.00251,0.000217
-3.91e-05,0.0391,0.0303
-2.37e-05,0.0237,0.0178
-2.68e-05,0.0268,0.0256
-4.03e-05,0.0403,0.0401
-3.45e-05,0.0345,0.0377
-3.53e-05,0.0353,0.0457
-2.03e-06,0.00203,0.000178
-6.73e-06,0.00673,0.000815
-3.73e-05,0.0373,0.0152
-2.69e-05,0.0269,0.0041
-5.24e-06,0.00524,0.000534
-5.92e-05,0.0592,0.0587
-2.61e-05,0.0261,0.0247
-2.89e-06,0.00289,0.000268
-1.7e-06,0.0017,0.000153
-4.29e-06,0.00429,0.000409
-2.72e-05,0.0272,0.0219
-2.08e-05,0.0208,0.00949
-2.4e-06,0.0024,0.000231
-2.57e-05,0.0257,0.0167
-3.04e-05,0.0304,0.0113
-2.6e-05,0.026,0.0212
-2.36e-05,0.0236,0.0142
-3.9e-05,0.039,0.0316
-2.52e-05,0.0252,0.0182
-7.11e-05,0.0711,0.0821
-1.53e-06,0.00153,0.000125
-2.25e-05,0.0225,0.0133
-2.28e-06,0.00228,0.000197
-2.79e-05,0.0279,0.00451
-3.38e-05,0.0338,0.0238
-2.8e-05,0.028,0.0145
-6.51e-06,0.00651,0.000721
-1.52e-06,0.00152,0.000128
-1.07e-06,0.00107,8.92e-05
-2.65e-06,0.00265,0.000242
-8.19e-05,0.0819,0.0789
-5.98e-05,0.0598,0.062
-2.01e-05,0.0201,0.00901
-3.92e-06,0.00392,0.000427
-2.45e-06,0.00245,0.000208
-4.84e-05,0.0484,0.0367
-9.74e-07,0.000974,8.08e-05
-2.55e-06,0.00255,0.000225
-4.77e-05,0.0477,0.0453
-2.89e-05,0.0289,0.0196
-6.65e-05,0.0665,0.0629
-9.14e-05,0.0914,0.0893
-1.95e-06,0.00195,0.000178
-3.32e-07,0.000332,2.46e-05
-3.25e-05,0.0325,0.0139
-2.34e-05,0.0234,0.0252
-9.43e-05,0.0943,0.073
-1.2e-06,0.0012,0.000107
-2.03e-05,0.0203,0.00363
-5.87e-05,0.0587,0.0777
-1.35e-06,0.00135,0.000122
-1.99e-06,0.00199,0.000167
-2.73e-06,0.00273,0.000284
-3.72e-05,0.0372,0.0288
-2.34e-05,0.0234,0.0237
-3.27e-06,0.00327,0.000348
-2.2e-06,0.0022,0.000215
-4.62e-05,0.0462,0.0496
-2.21e-06,0.00221,0.000196
-1.91e-05,0.0191,0.00844
-2.43e-05,0.0243,0.0259
-4.71e-05,0.0471,0.049
-7.23e-07,0.000723,5.72e-05
-2.2e-06,0.0022,0.000195
-1.23e-06,0.00123,9.94e-05
-1.13e-06,0.00113,9.46e-05
-3.73e-05,0.0373,0.0463
-7.37e-05,0.0737,0.0541
-3.2e-05,0.032,0.0143
-0.000138,0.138,0.071
-3.74e-05,0.0374,0.0154
-2.72e-05,0.0272,0.0184
-2.37e-06,0.00237,0.000207
-3.84e-06,0.00384,0.000376
-4.56e-05,0.0456,0.049
-1.8e-06,0.0018,0.000177
-5.17e-05,0.0517,0.0236
-1.58e-06,0.00158,0.000136
-1.89e-05,0.0189,0.00683
-1.28e-06,0.00128,0.000112
-2.16e-05,0.0216,0.00896
-1.17e-06,0.00117,0.000101
-1.61e-06,0.00161,0.000134
-2.55e-06,0.00255,0.000312
-6.41e-05,0.0641,0.0578
-4.45e-05,0.0445,0.037
-6e-07,0.0006,4.77e-05
-1.53e-05,0.0153,0.0621
-6.38e-06,0.00638,0.000783
-4.44e-05,0.0444,0.0314
-1.56e-06,0.00156,0.00015
-3.28e-05,0.0328,0.0444
-3.73e-06,0.00373,0.000374
-2.74e-06,0.00274,0.000265
-2.53e-06,0.00253,0.000242
-3.57e-05,0.0357,0.0399
-2.26e-05,0.0226,0.015
-3.23e-05,0.0323,0.0154
-2.52e-06,0.00252,0.000243
-3.58e-05,0.0358,0.0362
-6.61e-05,0.0661,0.0328
-1.58e-05,0.0158,0.00547
-1.49e-06,0.00149,0.000125
-3.81e-05,0.0381,0.0339
-1.97e-06,0.00197,0.000186
-3.83e-05,0.0383,0.0246
-1.03e-06,0.00103,8.35e-05
-8.01e-05,0.0801,0.0745
-2.52e-05,0.0252,0.0175
-6.04e-05,0.0604,0.0429
-3.75e-05,0.0375,0.046
-1.98e-05,0.0198,0.0414
-3.65e-05,0.0365,0.031
-3.63e-05,0.0363,0.0216
-3.39e-05,0.0339,0.0178
-1.16e-06,0.00116,0.000102
-1.77e-06,0.00177,0.000157
-2.4e-06,0.0024,0.000221
-5.99e-05,0.0599,0.0562
-3.73e-05,0.0373,0.0369
-2.53e-05,0.0253,0.0186
-3.55e-05,0.0355,0.0459
-1.53e-06,0.00153,0.000129
-2.33e-05,0.0233,0.0299
-3.51e-05,0.0351,0.0499
-4.88e-05,0.0488,0.0494
-8.36e-06,0.00836,0.000961
-3.65e-05,0.0365,0.00825
-0.000101,0.101,0.0981
-2.37e-05,0.0237,0.029
-1.89e-06,0.00189,0.000164
-4.3e-06,0.0043,0.000432
-7.95e-05,0.0795,0.108
-1.39e-06,0.00139,0.000131
-4.63e-05,0.0463,0.0499
-2.73e-05,0.0273,0.0225
-3.27e-05,0.0327,0.0148
-2.6e-05,0.026,0.0266
-8.14e-05,0.0814,0.0644
-5.64e-05,0.0564,0.0725
-2.38e-05,0.0238,0.0153
-1.98e-06,0.00198,0.000173
-1.7e-06,0.0017,0.000149
-1.67e-06,0.00167,0.000146
-6.33e-05,0.0633,0.0472
-1.09e-06,0.00109,9.14e-05
-4.44e-06,0.00444,0.000494
-3.84e-05,0.0384,0.0324
-1.96e-05,0.0196,0.00916
-3.91e-05,0.0391,0.0208
-3.72e-05,0.0372,0.0558
-0.000112,0.112,0.162
-0.00012,0.12,0.0986
-4.73e-06,0.00473,0.000482
-2.34e-06,0.00234,0.000233
-1.16e-06,0.00116,0.000102
-1.35e-06,0.00135,0.00012
-1.62e-06,0.00162,0.000141
-1.2e-06,0.0012,0.000117
-1.89e-06,0.00189,0.000171
-5.1e-05,0.051,0.0506
-7.71e-07,0.000771,6.97e-05
-2.22e-05,0.0222,0.0345
-2.19e-05,0.0219,0.0322
-3.56e-05,0.0356,0.0204
-3.37e-05,0.0337,0.0161
-1.43e-06,0.00143,0.000119
-2.42e-05,0.0242,0.0223
-3.35e-05,0.0335,0.0351
-1.02e-06,0.00102,8.4e-05
-7.22e-05,0.0722,0.0381
-2.24e-05,0.0224,0.0329
-3.75e-05,0.0375,0.0519
-3.27e-05,0.0327,0.0049
-3.82e-05,0.0382,0.0515
-8.78e-07,0.000878,7.41e-05
-7.83e-05,0.0783,0.0523
-2.14e-06,0.00214,0.000188
-1.77e-06,0.00177,0.000155
-9.74e-07,0.000974,7.91e-05
-1.16e-06,0.00116,9.72e-05
-5.9e-05,0.059,0.0615
-3.5e-05,0.035,0.0474
-5.13e-07,0.000513,4.18e-05
-3.67e-05,0.0367,0.0327
-3.26e-07,0.000326,2.52e-05
-3.43e-06,0.00343,0.00031
-7.96e-07,0.000796,6.41e-05
-6.03e-05,0.0603,0.049
-3.58e-06,0.00358,0.000343
-1.24e-06,0.00124,0.00011
-1.2e-06,0.0012,0.000104
-1.07e-06,0.00107,8.55e-05
-8.59e-07,0.000859,6.93e-05
-0.000115,0.115,0.255
-5.43e-05,0.0543,0.0263
-2.1e-06,0.0021,0.000214
-1.51e-06,0.00151,0.000132
-1.45e-06,0.00145,0.000144
-1.2e-06,0.0012,0.000101
-1.1e-06,0.0011,9.3e-05
-2.27e-05,0.0227,0.0234
-3.62e-05,0.0362,0.0456
-1.7e-05,0.017,0.00665
-3.88e-05,0.0388,0.0368
-1.21e-06,0.00121,0.000103
-2.6e-05,0.026,0.0186
-2.24e-05,0.0224,0.0345
-5.93e-07,0.000593,5.07e-05
-3.92e-05,0.0392,0.0323
-5.61e-07,0.000561,4.22e-05
-7.63e-07,0.000763,6.58e-05
-1.4e-06,0.0014,0.000117
-3.4e-05,0.034,0.0382
-8.59e-07,0.000859,6.89e-05
-2.28e-05,0.0228,0.0382
-3.94e-05,0.0394,0.0347
-2.53e-05,0.0253,0.024
-4.64e-05,0.0464,0.0519
-3.45e-05,0.0345,0.0439
-2.46e-05,0.0246,0.0248
-2.22e-06,0.00222,0.000207
-2.4e-05,0.024,0.0264
-3.1e-05,0.031,0.0131
-2.92e-06,0.00292,0.000445
-5.87e-07,0.000587,4.75e-05
-8e-07,0.0008,6.67e-05
-6.12e-07,0.000612,4.79e-05
-3.29e-05,0.0329,0.0515
-7.79e-05,0.0779,0.0596
-2.38e-05,0.0238,0.0163
-0.000111,0.111,0.0457
-3.01e-05,0.0301,0.0196
-2.53e-06,0.00253,0.000246
-4.07e-05,0.0407,0.0289
-1.28e-06,0.00128,0.000109
-2e-05,0.02,0.0108
-2.29e-06,0.00229,0.000207
-1.65e-06,0.00165,0.000143
-2.46e-05,0.0246,0.024
-5.52e-05,0.0552,0.0526
-6.91e-07,0.000691,5.51e-05
-2.49e-05,0.0249,0.0219
-9.14e-07,0.000914,7.65e-05
-1.25e-06,0.00125,0.000108
-3.49e-05,0.0349,0.0465
-6.18e-07,0.000618,5.49e-05
-9.59e-07,0.000959,8.08e-05
-1.05e-06,0.00105,9e-05
-2.04e-05,0.0204,0.0102
-1.22e-06,0.00122,0.000101
-1.69e-06,0.00169,0.000172
-2.42e-05,0.0242,0.0206
-5.15e-07,0.000515,4.28e-05
-4.48e-05,0.0448,0.0173
-2.13e-05,0.0213,0.0437
-4.08e-05,0.0408,0.0365
-5.02e-05,0.0502,0.0246
-6.59e-07,0.000659,5.63e-05
-3.7e-05,0.037,0.0444
-4.01e-05,0.0401,0.0222
-9.89e-07,0.000989,9.56e-05
-2.83e-06,0.00283,0.000269
-2.02e-06,0.00202,0.000198
-1.22e-06,0.00122,0.000114
-2.45e-05,0.0245,0.0253
-2.6e-05,0.026,0.0236
-1.21e-06,0.00121,0.000124
-6.7e-05,0.067,0.0366
-1.07e-06,0.00107,9.47e-05
-5.46e-05,0.0546,0.0534
-2.88e-05,0.0288,0.0247
-1.75e-05,0.0175,0.00315
-4.84e-05,0.0484,0.0535
-3.77e-06,0.00377,0.000407
-1.31e-06,0.00131,0.000111
-1.19e-06,0.00119,9.66e-05
-1.38e-06,0.00138,0.000128
-8.61e-07,0.000861,7.44e-05
-1.43e-06,0.00143,0.000123
-3.89e-05,0.0389,0.0368
-9.18e-07,0.000918,8.22e-05
-1.87e-05,0.0187,0.0474
-6.98e-07,0.000698,5.65e-05
-5.93e-07,0.000593,4.85e-05
-9.05e-07,0.000905,8.04e-05
-4.02e-05,0.0402,0.0223
-1.17e-06,0.00117,0.000102
-3.57e-06,0.00357,0.000324
-1.61e-05,0.0161,0.00643
-5.72e-07,0.000572,4.43e-05
-3.93e-05,0.0393,0.0319
-1.41e-06,0.00141,0.000121
-4.59e-05,0.0459,0.037
-3.35e-05,0.0335,0.0928
-2.51e-05,0.0251,0.0228
-2.35e-05,0.0235,0.0197
-6.43e-07,0.000643,5.2e-05
-3.36e-05,0.0336,0.0187
-6.14e-05,0.0614,0.0543
-1.38e-06,0.00138,0.000141
-2.04e-06,0.00204,0.000193
-3.39e-05,0.0339,0.0345
-6.44e-06,0.00644,0.000707
-2.46e-05,0.0246,0.0252
-1.99e-05,0.0199,0.00939
-1.77e-05,0.0177,0.00727
-2.32e-05,0.0232,0.0174
-9.32e-07,0.000932,7.72e-05
-1.09e-06,0.00109,0.000103
-2.71e-05,0.0271,0.0199
-9.07e-07,0.000907,7.32e-05
-4.52e-05,0.0452,0.0617
-4.57e-05,0.0457,0.0532
-2.41e-05,0.0241,0.019
-7.15e-07,0.000715,6.4e-05
-9.36e-07,0.000936,7.71e-05
-5.02e-07,0.000502,3.91e-05
-1.51e-06,0.00151,0.00013
-3.67e-05,0.0367,0.0209
-2.34e-05,0.0234,0.0207
-2.59e-05,0.0259,0.0237
-0.000118,0.118,0.0613
-3.74e-05,0.0374,0.0344
-2.8e-06,0.0028,0.000291
-1.85e-05,0.0185,0.0468
-6.65e-07,0.000665,5.57e-05
-7.46e-05,0.0746,0.0738
-2.31e-05,0.0231,0.0134
-6.01e-05,0.0601,0.0437
-2.33e-05,0.0233,0.0265
-5.81e-05,0.0581,0.0633
-2.32e-05,0.0232,0.0142
-5.75e-07,0.000575,4.62e-05
-2.41e-05,0.0241,0.0308
-1.42e-06,0.00142,0.000129
-2.17e-06,0.00217,0.000202
-1.17e-06,0.00117,0.000112
-1.5e-06,0.0015,0.000128
-3.59e-05,0.0359,0.0442
-1.04e-06,0.00104,8.66e-05
-2.3e-05,0.023,0.011
-0.000144,0.144,0.0766
-2.74e-05,0.0274,0.014
-2.56e-05,0.0256,0.0235
-1.16e-06,0.00116,9.92e-05
-4.71e-05,0.0471,0.0468
-1.31e-06,0.00131,0.000111
-2.3e-05,0.023,0.0138
-1.95e-05,0.0195,0.0443
-7.76e-05,0.0776,0.0965
-3.04e-05,0.0304,0.0131
-1.24e-06,0.00124,0.000114
-3.14e-05,0.0314,0.0134
-7.04e-07,0.000704,5.87e-05
-1e-06,0.001,8.76e-05
-2.32e-05,0.0232,0.0211
-2.33e-05,0.0233,0.0242
-9.88e-07,0.000988,8.84e-05
-7.57e-07,0.000757,6e-05
-5.38e-05,0.0538,0.0439
-7.23e-07,0.000723,5.73e-05
-5.79e-07,0.000579,4.7e-05
-5.17e-05,0.0517,0.0398
-3.5e-05,0.035,0.0235
-8.73e-07,0.000873,7.73e-05
-2.32e-05,0.0232,0.0217
-2.08e-05,0.0208,0.0374
-5.45e-05,0.0545,0.0899
-4.66e-05,0.0466,0.0452
-5.31e-05,0.0531,0.073
-9.15e-07,0.000915,7.45e-05
-1.06e-06,0.00106,9.32e-05
-3.59e-07,0.000359,2.85e-05
-7.19e-05,0.0719,0.0591
-5.66e-07,0.000566,4.28e-05
-9.43e-07,0.000943,8.16e-05
-9.22e-07,0.000922,8.55e-05
-2.54e-06,0.00254,0.000235
-3.65e-05,0.0365,0.0405
-3.25e-05,0.0325,0.0503
-1.17e-06,0.00117,9.98e-05
-7.58e-07,0.000758,6.21e-05
-2.3e-05,0.023,0.0184
-2.06e-05,0.0206,0.0105
-6.26e-05,0.0626,0.0497
-8.25e-07,0.000825,7.11e-05
-2.52e-05,0.0252,0.0227
-2.78e-05,0.0278,0.00982
-8.53e-07,0.000853,7.45e-05
-2.16e-06,0.00216,0.000219
-5.75e-05,0.0575,0.0698
-6.93e-07,0.000693,5.5e-05
-2.72e-06,0.00272,0.000271
-3.2e-05,0.032,0.0153
-9.67e-05,0.0967,0.0625
-7.25e-07,0.000725,6.33e-05
-3e-05,0.03,0.0131
-1.88e-06,0.00188,0.000158
-1.07e-06,0.00107,8.68e-05
-5.39e-05,0.0539,0.0488
-1.89e-05,0.0189,0.00873
-7.37e-05,0.0737,0.047
-4.61e-05,0.0461,0.0337
-1.18e-06,0.00118,0.000108
-5.67e-07,0.000567,4.4e-05
-1.17e-06,0.00117,0.000102
-4.3e-05,0.043,0.0337
-7.45e-05,0.0745,0.0228
-3.22e-06,0.00322,0.000326
-2.12e-05,0.0212,0.0106
-2.64e-05,0.0264,0.0187
-5.84e-05,0.0584,0.0663
-3.71e-05,0.0371,0.023
-4.59e-05,0.0459,0.0473
-3.21e-05,0.0321,0.0157
-6.53e-05,0.0653,0.086
-4.39e-05,0.0439,0.0347
-2.28e-05,0.0228,0.0253
-5.26e-07,0.000526,4.24e-05
-5.18e-07,0.000518,4.32e-05
-6.1e-07,0.00061,5.18e-05
-4.86e-05,0.0486,0.0228
-6.51e-05,0.0651,0.0543
-2.08e-05,0.0208,0.038
-2.08e-05,0.0208,0.0106
-6.85e-07,0.000685,5.92e-05
-1.09e-06,0.00109,9.4e-05
-1.43e-06,0.00143,0.000131
-8.23e-07,0.000823,6.89e-05
-9.51e-05,0.0951,0.09
-1.7e-05,0.017,0.00384
-2.27e-05,0.0227,0.0123
-2.57e-05,0.0257,0.0322
-6.61e-07,0.000661,5.2e-05
-1.09e-06,0.00109,9.32e-05
-1.39e-06,0.00139,0.000124
-2.34e-05,0.0234,0.0155
-7.68e-07,0.000768,6.03e-05
-2.08e-06,0.00208,0.000203
-1.14e-06,0.00114,0.0001
-9.53e-07,0.000953,9.02e-05
-1.09e-06,0.00109,9.08e-05
-8.63e-07,0.000863,7.73e-05
-7.24e-07,0.000724,5.97e-05
-6.01e-07,0.000601,4.92e-05
-0.000106,0.106,0.122
-4.28e-05,0.0428,0.0685
-1.23e-06,0.00123,0.000106
-4.65e-05,0.0465,0.0417
-2.34e-05,0.0234,0.0269
-7.84e-06,0.00784,0.00162
-3.16e-05,0.0316,0.0068
-2.39e-06,0.00239,0.000251
-7.48e-07,0.000748,6.39e-05
-4.67e-05,0.0467,0.0379
-2.19e-05,0.0219,0.0113
-1.31e-06,0.00131,0.000151
-4.89e-05,0.0489,0.0863
-3e-05,0.03,0.044
-2.38e-05,0.0238,0.0238
-5.36e-05,0.0536,0.0355
-2.36e-05,0.0236,0.0282
-3.82e-05,0.0382,0.026
-1.09e-06,0.00109,8.83e-05
-3.93e-05,0.0393,0.0456
-7.17e-07,0.000717,6.04e-05
-5.19e-07,0.000519,4.1e-05
-4.11e-07,0.000411,3.15e-05
-6.54e-05,0.0654,0.0718
-2.66e-05,0.0266,0.0192
-7.21e-07,0.000721,5.75e-05
-2.11e-05,0.0211,0.00379
-2.74e-05,0.0274,0.0122
-2.36e-05,0.0236,0.0136
-9.35e-07,0.000935,8.07e-05
-1.92e-06,0.00192,0.00017
-8.01e-07,0.000801,6.58e-05
-1.73e-06,0.00173,0.000157
-6.8e-05,0.068,0.0551
-1.1e-06,0.0011,0.000102
-3.1e-07,0.00031,2.42e-05
-3.36e-05,0.0336,0.0182
-1.01e-06,0.00101,8.28e-05
-3.48e-05,0.0348,0.0207
-1.71e-06,0.00171,0.00015
-6.4e-07,0.00064,5.18e-05
-1.89e-05,0.0189,0.00847
-1.02e-06,0.00102,8.71e-05
-4.44e-07,0.000444,3.54e-05
-6.99e-05,0.0699,0.0579
-3.17e-05,0.0317,0.0156
-1.72e-05,0.0172,0.0065
-4.94e-07,0.000494,3.9e-05
-2.35e-05,0.0235,0.0183
-9.31e-07,0.000931,7.99e-05
-3.57e-05,0.0357,0.02
-9.29e-06,0.00929,0.00115
-2.44e-05,0.0244,0.0282
-1.38e-06,0.00138,0.000119
-6e-07,0.0006,4.69e-05
-4.25e-07,0.000425,3.34e-05
-2.26e-05,0.0226,0.0157
-2.92e-05,0.0292,0.0489
-2.78e-07,0.000278,2.13e-05
-5.92e-07,0.000592,5.01e-05
-8.03e-07,0.000803,6.8e-05
-9.25e-05,0.0925,0.0984
-8.32e-07,0.000832,6.78e-05
-2.13e-07,0.000213,1.52e-05
-5.47e-07,0.000547,4.2e-05
-2.32e-05,0.0232,0.0256
-2.93e-05,0.0293,0.0119
-9.28e-07,0.000928,7.62e-05
-6.69e-07,0.000669,5.23e-05
-1.62e-06,0.00162,0.000142
-1.4e-06,0.0014,0.000153
-6.73e-07,0.000673,5.49e-05
-3.67e-05,0.0367,0.0213
-3.48e-05,0.0348,0.0118
-1.01e-06,0.00101,9.58e-05
-3.63e-06,0.00363,0.000433
-7.88e-05,0.0788,0.0714
-7.9e-07,0.00079,6.44e-05
-3.17e-05,0.0317,0.0162
-2.52e-05,0.0252,0.0213
-6.95e-07,0.000695,5.83e-05
-2.15e-05,0.0215,0.014
-7.99e-05,0.0799,0.0529
-4.57e-05,0.0457,0.0359
-2.4e-05,0.024,0.0217
-7.53e-07,0.000753,6.6e-05
-1.14e-06,0.00114,0.000105
-3.5e-07,0.00035,2.64e-05
-6.73e-07,0.000673,5.65e-05
-1.23e-06,0.00123,0.00011
-1.31e-06,0.00131,0.000135
-2.44e-05,0.0244,0.0207
-7.38e-07,0.000738,5.89e-05
-7.31e-07,0.000731,5.94e-05
-6.75e-07,0.000675,5.34e-05
-8.73e-05,0.0873,0.0384
-6.06e-05,0.0606,0.0492
-1.83e-06,0.00183,0.000192
-1.28e-06,0.00128,0.000116
-7.78e-07,0.000778,6.62e-05
-2.41e-05,0.0241,0.0224
-5.45e-07,0.000545,4.88e-05
-1.12e-06,0.00112,9.56e-05
-6.96e-07,0.000696,6.49e-05
-4.34e-05,0.0434,0.0666
-6.66e-07,0.000666,5.3e-05
-2.35e-05,0.0235,0.0181
-8.64e-07,0.000864,7.26e-05
-3.39e-05,0.0339,0.0155
-4.6e-05,0.046,0.0346
-3.64e-05,0.0364,0.0374
-5.16e-07,0.000516,4.4e-05
-3.31e-07,0.000331,2.74e-05
-8.16e-07,0.000816,6.64e-05
-5.27e-05,0.0527,0.0393
-8.5e-07,0.00085,7.53e-05
-1.36e-06,0.00136,0.000135
-4.56e-05,0.0456,0.0524
-2.02e-06,0.00202,0.000188
-3.92e-05,0.0392,0.0324
-1.98e-05,0.0198,0.0105
-5.64e-05,0.0564,0.0698
-6.82e-05,0.0682,0.0679
-1.81e-05,0.0181,0.00805
-6.57e-07,0.000657,5.52e-05
-2.19e-05,0.0219,0.0138
-3.61e-05,0.0361,0.0422
-4.27e-07,0.000427,3.37e-05
-5.58e-07,0.000558,4.25e-05
-3.42e-05,0.0342,0.0434
-4.68e-05,0.0468,0.052
-2.28e-05,0.0228,0.0151
-1.08e-06,0.00108,9.83e-05
-4.69e-05,0.0469,0.053
-3.78e-05,0.0378,0.04
-4.88e-05,0.0488,0.0291
-9.65e-05,0.0965,0.0885
-2.46e-05,0.0246,0.0233
-6.48e-07,0.000648,5.56e-05
-3.95e-05,0.0395,0.0356
-1.08e-06,0.00108,9.05e-05
-5.09e-07,0.000509,3.88e-05
-2.21e-05,0.0221,0.0178
-5.66e-07,0.000566,4.44e-05
-5.16e-07,0.000516,4.29e-05
-3.9e-05,0.039,0.0204
-3.65e-05,0.0365,0.0395
-4.63e-05,0.0463,0.044
-2.29e-05,0.0229,0.0231
-1.87e-05,0.0187,0.00909
-7.14e-07,0.000714,6.1e-05
-5.43e-05,0.0543,0.0293
